{"cameraMode":{"drawMode":0,"name":"Shaded","section":"Shading Mode"},"sceneLighting":true,"audioPlay":false,"sceneViewState":{"m_AlwaysRefresh":false,"showFog":true,"showSkybox":true,"showFlares":true,"showImageEffects":true,"showParticleSystems":true,"showVisualEffectGraphs":true,"m_FxEnabled":true},"in2DMode":false,"pivot":{"x":-1.6203118562698365,"y":43.798091888427737,"z":9.878153800964356},"rotation":{"x":0.8065789937973023,"y":-0.005319640040397644,"z":0.007259415928274393,"w":0.5910564064979553},"size":8.039552688598633,"orthographic":true}