{"cameraMode":{"drawMode":0,"name":"Shaded","section":"Shading Mode"},"sceneLighting":true,"audioPlay":false,"sceneViewState":{"m_AlwaysRefresh":false,"showFog":true,"showSkybox":true,"showFlares":true,"showImageEffects":true,"showParticleSystems":true,"showVisualEffectGraphs":true,"m_FxEnabled":true},"in2DMode":false,"pivot":{"x":-12.18334674835205,"y":245.40159606933595,"z":-61.081912994384769},"rotation":{"x":0.5995115041732788,"y":0.003601616946980357,"z":-0.0026978165842592718,"w":0.8003531694412231},"size":14.51955509185791,"orthographic":true}